smiles1,percentage_1,smiles2,percentage_2,smiles3,percentage_3,L_pred,a_pred,b_pred,delta_e_pred,uncertainty,L_exp,a_exp,b_exp,delta_e_actual
Cc1sc(C)c2OCC(COCC(CC)CCCC)(COCC(CC)CCCC)COc12,0.65,C1=CC(=CC=C1C)C,0.35,0,0,82.071426,34.417366,53.010708,7.54039063,0.005009,81.21221234,25.16740247,67.4510655,7.04809947
Cc1sc(C)c2OCC(COCC(CC)CCCC)(COCC(CC)CCCC)COc12,0.55,C1=CC(=CC=C1C)C,0.35,Cc1sc(C)c2OCCOc12,0.1,79.171371,28.980469,54.4035,5.109339,0.016045,73.78982924,41.06106654,52.48047848,8.65875598
Cc1sc(C)c2OCC(COCC(CC)CCCC)(COCC(CC)CCCC)COc12,0.6,C1=CC(=CC=C1C)C,0.35,Cc1sc(C)c2OCCOc12,0.05,79.145676,32.202927,50.104839,6.830446,0.004767,74.35167534,39.83559724,54.04630991,7.45304049
Cc1sc(C)c2OCC(COCC(CC)CCCC)(COCC(CC)CCCC)COc12,0.5,C1=CC(=CC=C1C)C,0.35,Cc1sc(C)c2OCCOc12,0.15,80.266983,29.896379,57.180222,5.034571,0.007051,71.88711646,43.38598012,48.81039854,7.06230682
Cc1sc(C)c2OCC(COCC(CC)CCCC)(COCC(CC)CCCC)COc12,0.55,C1=CC(=CC=C1C)C,0.4,Cc1sc(C)c2OCCOc12,0.05,84.020432,18.807543,66.430389,11.086005,0.005532,81.20396208,25.36726745,68.24620094,7.06230682
Cc1sc(C)c2OCC(COCC(CC)CCCC)(COCC(CC)CCCC)COc12,0.55,C1=CC(=CC=C1C)C,0.45,0,0,85.634132,13.615864,69.08773,14.684881,0.013321,88.85485773,8.01460363,78.06498772,19.67465933
