smiles1,percentage_1,smiles2,percentage_2,smiles3,percentage_3,L_pred,a_pred,b_pred,delta_e_pred,uncertainty,L_exp,a_exp,b_exp,delta_e_actual
Cc1sc(C)c2OCC(COCC(CC)CCCC)(COCC(CC)CCCC)COc12,0.55,C1=CC(=CC=C1C)C,0.3,Cc1sc(C)c2OCCOc12,0.15,77.211433,37.831196,52.44825,7.396934,0.003034,77.35315914,36.51077084,60.46360828,3.92791286
Cc1sc(C)c2OCC(COCC(CC)CCCC)(COCC(CC)CCCC)COc12,0.55,C1=CC(=CC=C1C)C,0.4,Cc1sc(C)c(OC)c1OC,0.05,77.70481,21.534353,59.795383,6.93446917,0.006228,75.90751966,34.35987901,59.49106892,3.22498203
Cc1sc(C)c2OCC(COCC(CC)CCCC)(COCC(CC)CCCC)COc12,0.55,C1=CC(=CC=C1C)C,0.3,Cc1sc(C)c2OCCOc12,0.15,75.17487,32.829834,56.942886,3.69748751,0.003455,78.6280552,30.17701792,62.66789118,3.54406082
Cc1sc(C)c2OCC(COCC(CC)CCCC)(COCC(CC)CCCC)COc12,0.5,C1=CC(=CC=C1C)C,0.4,Cc1sc(C)c(OC)c1OC,0.1,79.062279,36.911594,55.199902,6.421918,0.002243,81.7597605,22.81685213,67.28573745,8.35416453
Cc1sc(C)c2OCC(COCC(CC)CCCC)(COCC(CC)CCCC)COc12,0.65,C1=CC(=CC=C1C)C,0.35,0,0,82.071426,34.417366,53.010708,7.54039063,0.005009,81.21221234,25.16740247,67.4510655,7.04809947
Cc1sc(C)c2OCC(COCC(CC)CCCC)(COCC(CC)CCCC)COc12,0.55,C1=CC(=CC=C1C)C,0.4,Cc1sc(C)c2OCCOc12,0.05,84.020432,18.807543,66.430389,11.086005,0.005532,81.20396208,25.36726745,68.24620094,7.06230682
