smiles1,percentage_1,smiles2,percentage_2,smiles3,percentage_3,L,a,b,delta_e,uncertainties,L_exp,a_exp,b_exp
Cc1sc(C)c2OCC(COCC(CC)CCCC)(COCC(CC)CCCC)COc12,0.7,Cc1ccc(C)c2nsnc12,0.05,Cc1ccc3c(c1)Cc2cc(C)ccc23,0.25,68.07321,-18.198067,26.875961,9.026781984,0.016638044,46.85081978,15.38472531,13.86680872
Cc1sc(C)c2OCC(COCC(CC)CCCC)(COCC(CC)CCCC)COc12,0.65,Cc1ccc(C)c2nsnc12,0.1,Cc1ccc3c(c1)Cc2cc(C)ccc23,0.25,66.01564,-17.906305,20.950497,9.505449286,0.009067532,52.76833265,-3.586091326,13.64332145
Cc1sc(C)c2OCC(COCC(CC)CCCC)(COCC(CC)CCCC)COc12,0.65,Cc1ccc(C)c2nsnc12,0.05,Cc1ccc3c(c1)Cc2cc(C)ccc23,0.3,69.26233,-19.827765,31.053782,9.739431088,0.013978316,60.68138997,-4.22924104,7.367277442
Cc1sc(C)c2OCC(COCC(CC)CCCC)(COCC(CC)CCCC)COc12,0.6,Cc1ccc(C)c2nsnc12,0.05,Cc1ccc3c(c1)Cc2cc(C)ccc23,0.35,67.98084,-21.024517,26.429998,10.17288384,0.007699279,42.41058982,-6.42246037,1.10668537
Cc1sc(C)c2OCC(COCC(CC)CCCC)(COCC(CC)CCCC)COc12,0.55,Cc1ccc(C)c2nsnc12,0.05,Cc1ccc3c(c1)Cc2cc(C)ccc23,0.4,67.403854,-19.421204,22.744038,10.17591999,0.007433417,42.46655127,16.41350668,3.294402756
Cc1sc(C)c2OCC(COCC(CC)CCCC)(COCC(CC)CCCC)COc12,0.5,Cc1ccc(C)c2nsnc12,0.25,Cc1ccc3c(c1)Cc2cc(C)ccc23,0.25,68.22478,-21.364584,26.648596,10.38871037,0.003546642,62.85153067,-4.463986815,21.56003166
